itemcode,itemname
123123,양배추영양식단
123124,탄두리샐러드
123125,코코넛쉬림프샐러드
123126,리코타병아리콩샐러드
123127,귀리캐슈넛샐러드
123128,꾸지뽕식단
123129,건강한 자장소스
123130,발효의힘 청국장 세트
123131,로제소스 버섯 닭볶음 세트
123132,컬러파워식단
123133,오리 향채소 불고기 세트
123134,멕시칸 타코 샐러드 세트
123135,문어 카르파쵸 샐러드 세트
123136,멕시칸타코샐러드
123137,포두부 새우 샐러드 세트
123138,구운버섯&새우샐러드
123139,통밀 돈까스
123140,송화버섯 낙지볶음
123141,닭다리살구이
123142,방풍나물&고구마 스프 (1인분)
123143,토마토 견과 카레소스
123144,봄나물 오리볶음
123145,검은콩 캐슈넛 닭볶음 세트
123146,햄프씨드 연어구이 샐러드
123147,해초 전복죽 (1인분)
123148,황태 귀리죽 (1인분)
123149,소고기 다시마채 장조림
123150,해초식단
123151,비트 무화과 타히니 샐러드
123152,부드러운 닭가슴살 콥 샐러드
123153,문어 카르파쵸 샐러드
123154,인도식 견과 커리 세트
123155,당귀 제육볶음 세트
123156,지중해식 가자미구이 세트 
123157,영양부추 잡채
123158,용안육 백태콩조림
123159,버섯 소불고기 쌈 세트
123160,오삼불고기
123161,용안육 건오징어조림
123162,유근피 녹두 삼계죽 (1인분)
123163,유부 유산슬 세트
123164,비트 생깻잎지
123165,리코타 허브감자 샐러드
123166,스파이시 쉬림프 샐러드
123167,가쓰오 계란장조림
123168,낙지 김치죽 (1인분)
123169,닭가슴살 콥샐러드 세트
123170,통밀 간장 닭강정
123171,고사리 소불고기 숙쌈 세트
123172,씨푸드 레몬 샐러드
123173,돼지감자 장아찌
123174,콜리플라워 치즈그라탕
123175,흑미 시트러스 샐러드 세트
123176,은이버섯 오리주물럭 세트
123177,구운채소 곡물 샐러드 세트
123178,꾸지뽕 닭볶음 세트
123179,버터구이 오징어 샐러드 세트
123180,미트 토마토 파스타
123181,모둠 해초볶음
123182,미역&조갯살 스프 (1인분)
123183,탄두리 닭살 샐러드 세트
123184,버섯 아보카도 샐러드 세트
123185,송화버섯 낙지볶음 세트
123186,죽순 생강 소불고기 세트
123187,커리 치킨 샐러드
123188,소고기 숙주 부추볶음
123189,닭살 스테이크 샐러드 세트
123190,진피 레몬 드레싱
123191,구기자 간장 소스
123192,코코넛 새우 샐러드 세트
123193,리코타치즈 샐러드 세트
123194,쿠스쿠스 곡물 샐러드 세트
123195,노루궁뎅이버섯 스프 (1인분)
123196,발사믹 비네거 드레싱 
123197,버섯 불고기 샐러드 세트
123198,애호박 아마란스 새우볶음 
123199,녹두부침개
123200,우엉 고기완자
123201,연자육 삼채 소불고기 세트
123202,스위트 바나나 드레싱
123203,궁중 곤약 탕평채
123204,스페인 세비체 샐러드 세트
123205,오리주물럭 쌈 세트 
123206,모둠버섯 치킨 샐러드 세트
123207,모링가 돼지 된장찜 세트
123208, 아보카도&케일 스무디
123209,새우 아보카도 샐러드 세트
123210,모짜렐라 루꼴라 샐러드 세트
123211,미강 돼지 배추볶음 세트
123212,구운 가자미 라타투이 세트
123213,소고기 죽순 생강볶음 세트
123214,당귀 주꾸미볶음 세트
123215,아스파라거스 돼지불고기 세트
123216,건강한 자장소스 세트
123217,연자육 마라샹궈 세트
123218,당귀 닭볶음 세트
123219,시래기 돼지찜 세트
123220,구운버섯&새우샐러드 세트
123221,올리브 닭살 샐러드 세트
123222,흑미 시트러스 샐러드
123223,청국장 소스 삼치구이 세트
123224,꾸지뽕 갈치 조림 세트
123225,햄프씨드 연어 샐러드 세트
123226,소고기 샤브 샐러드 세트
123227,삼채 버섯볶음 세트
123228,과카몰리 새우 샐러드 세트
123229,구운채소 곡물 샐러드
123230,컬러파워 토마토카레 세트
123231,연자육 소불고기 세트
123232,매운 돼지고기찜 세트 
123233,모둠버섯 소불고기 쌈 세트
123234,이탈리아식 닭볶음 세트 
123235,인도식 치킨커리 세트 
123236,콜라비 비트 무생채
123237,모짜렐라 루꼴라 샐러드
123238,더 부드러운 소갈비찜
123239,들깨 시래기나물
123240,시트러스 잡채 세트
123241,십자화과채소 불고기 세트
123242,뿌리채소 가자미구이 세트
123243,강황 닭갈비 (2인분)
123244,버터 진미채볶음 
123245,버섯 마늘 찜닭 세트
123246,소고기 곤드레나물볶음 
123247,아스파라거스 불고기 세트
123248,아마란스 진미채무침 
123249,해산물 토마토 볶음 세트
123250,두부 팔보채 세트
123251,연어구이
123252,단호박&파프리카 스무디
123253,[1Table] 한우 잡채볶음밥
123254,[1Table] 화식한우 사골곰국
123255,해산물 토마토볶음 세트 
123256,뿌리채소 한우사태찜
123257,삼채 버섯볶음&두부구이
123258,[1Table] 한우 육개장
123259,효도 패키지
123260,멸치 아몬드볶음
123261,야관문 코다리조림 세트
123262,비트레드샐러드
123263,과카몰리샐러드
123264,비트&베리 스무디
123265,[1Table] 한우 나주곰탕
123266,패밀리 패키지
123267,양배추&우엉 스무디
123268,모짜렐라쿠스쿠스샐러드
123269,목이버섯 대구찜 세트
123270,혼밥 패키지
123271,가지 고구마순 돼지찜 세트
123272,[1Table] 모짜렐라 김치 서울만두
123273,배추 불고기 샐러드 세트
123274,고추잡채 덮밥 소스 세트 
123275,[1Table] 갈비 낙지 볶음밥
123276,[1Table] 존쿡 델리미트 부대찌개
123277,[1Table] 부지깽이 나물밥
123278,구운감자 주꾸미 샐러드 세트
123279,매콤 주꾸미볶음 세트 
123280,검은콩&가지 스무디
123281,[1Table] 제주 흑돼지 갈비만두
123282,진피 고추기름
123283,커플 패키지
123284,분짜 샐러드 세트
123285,부드러운 멸치 견과볶음 
123286,[1Table] 양구 시래기밥
123287,당귀 유채유
123288,[1Table] 장조림 버터 볶음밥
123289,두부찹스테이크 세트
123290,[1Table] 와규 함박스테이크
123291,[1Table] 존쿡 델리미트 핫도그 
123292,뿌리채소 한우갈비찜
123293,쿠스쿠스 강황 감자채볶음 
123294,해산물 지중해샐러드 세트
123295,고수가득 분짜 샐러드
123296,주꾸미 감자 샐러드 세트
123297,[1Table] 냉이 된장찌개
123298,[vezzly] 쌀조청 롤케이크
123299,[vezzly] 까사테라
123300,입에서 녹는 동파육
123301,[에쉬레] 무염버터 포션
123302,해산물 미나리볶음 세트
123303,[vezzly] 황금식빵
123304,[vezzly] 미미 카스테라
123305,[vezzly] 비건식빵
123306,미나리 주꾸미볶음 
123307,[도디] 화이트 발사믹 비네거
123308,[1Table] 한우 쇠고기 미역국
123309,[1Table] 담양 죽순밥
123310,[vezzly] 흑마늘식빵
123311,미나리잡채
123312,[1Table] 존쿡 델리미트 크리스피 빅 핫도그 
123313,[1Table] 봉우리 떡갈비
123314,매운 해물죽 (1인분)
123315,[마담로익] 크림치즈 플레인
123316,[범산목장] 유기농 목초 우유
123317,구운가지율무샐러드
123318,중국식 궁채 가지볶음
123319,미나리 오징어 돼지불고기
123320,황태채 미나리볶음
123321,민들레 삼채 겉절이
123322,궁채나물볶음
123323,참취나물무침 
123324,볶음짬뽕
123325,[에쉬레] 가염버터 포션
123326,카레스프 (1인분)
123327,새우 아스파라거스죽 (1인분)
123328,[vezzly] 쫄깃한 100℃ 식빵
123329,[vezzly] 좋은아침 모닝롤 (6입)
123330,죽순 생강 소불고기 세트 
123331,율무 샐러드 세트
123332,리코타&보리순커리
123333,마늘 대추 닭살구이 세트
123334,더 부드러운 돼지고기 장조림
123335,여주 소불고기 세트
123336,3days 샐러드 패키지
123337,민들레 닭살볶음 세트 
123338,모링가 돼지고기 된장찜 세트
123339,오리불고기 향채 샐러드 세트 
123340,미강 돼지고기 배추볶음 세트 
123341,[vezzly] 밀푀유 식빵
123342,씨푸드 미나리 샐러드 세트 
123343,볶음 쟁반 자장면
123344,오리 버섯 주물럭 세트 
123345,[에르베로씨] 블랙베리잼
123346,단호박 씨드범벅 샐러드 세트
123347,[vezzly] 방콕 세트
123348,숙주 부추 소불고기 세트
123349,보리순 그린커리 세트 
123350,오리고사리 들깨볶음 세트
123351,콜리플라워 계란볶음 세트
123352,과콰몰리 돌나물 샐러드 세트
123353,소불고기 취나물 샐러드 세트
123354,[1Table] 명인명촌 화식한우 소불고기
123355,연자육 돼지불고기 세트 
123356,소고기 가지 된장볶음 세트 
123357,더 부드러운 LA갈비
123358,더 부드러운 소고기 장조림 
123359,그리스식 닭살 샐러드
123360,[에르베로씨] 딸기잼
123361,[1Table] 동그랑땡
123362,마늘영양식단
123363,두부식단
123364,꾸지뽕돼지갈비샐러드
123365,[1Table] 우미학 차돌 깍두기 볶음밥
123366,버섯 마늘찜닭 세트 
123367,포두부 파스타 세트 
123368,주꾸미 제육볶음 한상 세트 
123369,집콕 브런치 패키지
123370,호박고구마 렌틸콩 샐러드 세트
123371,율무 단호박 샐러드
123372,부드러운 비프 샐러드
123373,[5월] 효도 패키지 
123374,[5월] 짬짜면 패키지 
123375,오징어버터구이샐러드
123376,구운채소&오징어 샐러드
123377,[5월] 커플 패키지
123378,오징어 참나물볶음 세트 
123379,머쉬룸리조토 세트 
123380,코코넛 쉬림프 샐러드 세트
123381,죽염 영광 참굴비 6호(10마리/800g)
123382,고추잡채 덮밥 소스 세트
123383,자염 영광 참굴비 5호(10마리/900g)
123384,율무 쉬림프 샐러드 세트
123385,강황 닭갈비 세트 
123386,소불고기&곡물샐러드
123387,통밀파스타샐러드
123388,스페인세비체샐러드
123389,포두부새우샐러드
123390,올리브닭살샐러드
123391,제주고사리 돼지고기찜 
123392,죽염 영광 참굴비 5호(10마리/900g)
123393,해양심층수 소금 영광 참굴비 5호(10마리/900g)
123394,모둠버섯 소불고기 한상 세트 
123395,제주고사리 햄프씨드볶음 
123396,게랑드 소금 영광 참굴비 6호　(10마리/800g)
123397,제주고사리 오리 들깨볶음 
123398,양평 비름나물 된장무침 
123399,게랑드 소금 영광 참굴비 5호　(10마리/900g)
123400,제주고사리 고추잡채&꽃빵 
123401,닭살 버섯 로제소스볶음 세트 
123402,[5월] 키즈 패키지 
123403,모둠버섯 치킨 샐러드
123404,[에르베로씨] 피치잼
123405,[사라베스] 오렌지 아프리콧잼
123406,과카몰리 씨푸드 샐러드 
123407,순수 어묵볶음 
123408,연어구이콥샐러드
123409,[5월] 3days 샐러드 패키지
123410,곤드레 콜리플라워 세트 
123411,무화과 발사믹 드레싱 
123412,시래기 돼지고기찜 세트 
123413,지중해식 토마토닭볶음 세트 
123414,삼채 버섯볶음&두부스테이크 세트
123415,두부 팔보채 세트 
123416,버섯 콜리플라워볶음 세트
123417,낙지 오징어 미나리볶음 세트 
123418,상하이 두부면볶음 
123419,현대화식한우 으뜸 난  (1.2kg)
123420,멕시칸 치킨 타코 샐러드 세트 
123421,태국식 솜땀 샐러드 세트 
123422,매콤 꾸지뽕 닭살볶음 세트 
123423,매운 해물덮밥소스 세트 
123424,[사라베스] 스트로베리 라즈베리잼
123425,옐로우아이빈 팥죽 (1인분)
123426,[로이] 올리브오일 500ml
123427,매콤 마늘종 어묵볶음 
123428,제주고사리 두부조림 세트 
123429,리코타치즈 바나나 샐러드 세트 
123430,무화과 비트 타히니 샐러드 세트 
123431,닭안심 미나리페스토 샐러드 세트 
123432,과카몰리 쉬림프 샐러드 세트 
123433,치킨스테이크 퀴노아 샐러드 세트 
123434,히비스커스 라타투이 세트
123435,계피 소고기볶음 세트
123436,오징어 버터구이 샐러드 세트
123437,닭살 버섯 로제소스볶음 세트
123438,늙은 호박죽 (1인분)
123439,태국식 소고기 공심채 세트 
123440,슈퍼곡물 구운채소 샐러드 세트 
123441,오리 도라지볶음 세트 
123442,미나리 오징어 돼지불고기 세트 
123443,계피 버섯 마늘 찜닭 세트
123444,멕시칸 타코 샐러드 
123445,분짜 느억맘 샐러드 세트
123446,병아리콩 불고기 샐러드 세트 
123447,모짜렐라치즈 루꼴라 샐러드 세트 
123448,연자육 닭살 콥샐러드 세트 
123449,시트러스 흑미찜 샐러드 세트 
123450,깻잎 돼지주물럭 세트 
123451,머쉬룸 리조토 세트 
123452,시트러스&블랙샐러드
123453,포테이토렌치샐러드 
123454,[6월] 3days 샐러드 패키지
123455,블러드 오렌지 드레싱
123456,중국식 칼라마리 냉채 샐러드
123457,돼지고기 마늘소스찜 세트 
123458,오리 고사리 들깨볶음 세트
123459,[6월] 짬짜면 패키지 
123460,토마토 견과 카레 소스 세트 
123461,춘천식 고추장 닭구이 세트 
123462,매콤 주꾸미 비빔 세트 
123463,구운 두부 비트와 견과류 샐러드 세트 
123464,마씨앗 닭볶음탕 세트 
123465,새우 버터구이 아보카도 샐러드 세트
123466,구운 주꾸미와 감자 샐러드 세트 
123467,무화과 비트 타히니&닭살 샐러드 세트 
123468,[6월] 효도 패키지 
123469,고구마순 잡채
123470,[사라베스] 블루베리 체리잼
123471,해물 두반두부 세트 
123472,춘천식 고추장 닭구이 
123473,어니언 덮밥소스 세트 
123474,참치 케이퍼 샐러드 세트 
123475,곰취된장찜 
123476,어수리나물 
123477,[트루노팔] 선인장 워터 1L
123478,낙지 무채무침 
123479,미트 토마토 파스타 세트
123480,나물 비빔 세트
123481,오징어 무채무침
123482,문어 사과 카르파쵸 샐러드
123483,포두부 쉬림프 샐러드 세트
123484,버섯 오리주물럭 세트
123485,꾸지뽕 매콤 닭볶음 세트
123486,구운연어 쿠스쿠스 샐러드 세트 
123487,코코넛 쉬림프 샐러드 세트 
123488,숙주 부추 소불고기 세트 
123489,파채 돈육불고기 세트 
123490,머쉬룸 치킨 샐러드 세트 
123491,[6월] 건강 디저트 패키지
123492,리코타치즈 청포도 샐러드세트 
123493,[아몬드브리즈] 오리지널 950ml
123494,[팔도한우] 횡성 안심 150g/팩
123495,[볼제너뮬러] 유기농 콘플레이크 250g
123496,[vezzly] 홍시 단팥빵 (6입)
123497,타르투플랑게 화이트 트러플 소금 30g
123498,나물 4종 샘플러
123499,돼지고기 마늘종 덮밥소스 세트 
123500,공심채 소고기볶음 세트 
123501,불낙볶음 세트 
123502,[vezzly] 올리브 식빵
123503,스파이시 참치 케이퍼 샐러드 세트 
123504,탄두리 후무스 샐러드 세트 
123505,사천식 애호박찜 세트 
123506,치킨스테이크 채소구이 샐러드 세트 
123507,[7월] 3days 샐러드 패키지
123508,화이트 라구소스 리가토니
123509,포크 아라비아따 샐러드 세트 
123510,씨푸드 시트러스 샐러드 
123511,닭안심 미나리페스토구이  샐러드 세트 
123512,유근피 닭다리백숙 (1인분)
123513,흑미 전복 리소토
123514,율무&구운가지 샐러드 세트 
123515,씨푸드 커리향 샐러드 세트 
123516,돼지고기 톳볶음 세트 
123517,단호박 오리로스구이 세트 
123518,흑마늘 황기 찜닭 (2~3인분)
123519,닭살두부 마라볶음 세트 
123520,구운버섯 아보카도 샐러드 세트 
123521,[오가닉스토리] 유기농 발아블랙선식 500g
123522,[vezzly] 통밀 7곡 식빵 
123523,[vezzly] 에쉬레버터 샤브레 쿠키 (3입)
123524,[아이엠얼라이브] 유기농 콤부차 오리지널 315ml 
123525,[7월] 패밀리 패키지
123526,보양 추어탕 (1인분)
123527,[바로란] 텃골농장 구운란 (10구)
123528,돼지고기 애호박 짜글이 세트 
123529,삼복 백숙 패키지 (2인)
123530,[1Table] 삼계탕 
123531,유근피 닭다리 백숙 세트 
123532,[엘리트] 유기농 석류주스 700ml
123533,모짜렐라 치즈 샐러드 세트 
123534,통밀 콜드 파스타 샐러드
123535,[화식한우] 안심 150g/팩
123536,게랑드 굵은 토판 천일염 125g
123537,연잎 오겹수육 (2인분)
123538,오리엔탈 비프 샐러드 
123539,오징어땅콩 버터구이 샐러드 세트 
123540,리코타 호박고구마 샐러드 세트 
123541,소고기 브로콜리죽 (1인분)
123542,흑마늘 찜닭 세트 
123543,포테이토 쉬림프 샐러드 세트 
123544,갈릭 치킨 샐러드 세트 
123545,게랑드 굵은 토판 천일염 250g
123546,[팔도한우] 횡성 불고기 200g/팩
123547,구운 두부 비트와 닭살 샐러드
123548,함박스테이크 세트
123549,멸치 고추장물
123550,삼복 추어탕 패키지 (2인)
123551,루꼴라 바질 냉파스타
123552,그리스풍 닭살 샐러드 
123553,비프&바질 포테이토 샐러드
123554,꿍팟퐁커리 세트
123555,참치파스타 사과샐러드 
123556,구운 템페 콥샐러드 
123557,칼라마리 콜드 샐러드 
123558,멕시칸풍 타코 샐러드 (스몰/레귤러)
123559,리코타 치즈 샐러드 (스몰/레귤러)
123560,아귀살 목이버섯찜 세트 
123561,지중해식 풍기 샐러드 
123562,깐풍 두부강정 세트 
123563,삼채 무채절임
123564,토마토 파스타 (2인분)
123565,바질 페스토 파스타 (2인분)
123566,[7월] 짬짜면 패키지 
123567,스파이시 쉬림프 샐러드 (스몰/레귤러)
123568,[팔도한우] 횡성 채끝 200g/팩
123569,[팔도한우] 횡성 등심 200g/팩
123570,포두부쉬림프샐러드세트
123571,어니언덮밥소스세트
123572,은이버섯오리주물럭세트
123573,유부유산슬세트
123574,아귀살목이버섯찜세트
123575,민들레닭살볶음세트
123576,모둠버섯소불고기쌈세트
123577,돼지고기톳볶음세트
123578,매콤주꾸미볶음세트
123579,깐풍두부강정세트
123580,지중해식풍기샐러드
123581,꿍팟퐁커리세트
123582,그리스풍닭살샐러드
123583,갈릭치킨샐러드세트
123584,고추잡채덮밥소스세트
123585,건강한자장소스세트
123586,부드러운 닭가슴살 콥 샐러드 (스몰/레귤러)
123587,[이솔라비오] 유기농 귀리음료 1L
123588,지중해식두부&피쉬볼샐러드
123589,오리맥적구이세트
123590,연자육돼지불고기세트
123591,검은콩캐슈넛닭볶음세트
123592,마늘돼지고기구이
123593,나물비빔세트
123594,현대화식한우 으뜸 매 (1.2kg)
123595,오리엔탈비프샐러드
123596,포두부파스타세트
123597,춘천식닭구이세트
123598,흑미시트러스견과샐러드세트
123599,포크아라비아따샐러드세트
123600,통밀콜드파스타샐러드
123601,탄두리후무스샐러드세트
123602,치킨스테이크채소구이샐러드세트
123603,참치파스타사과샐러드
123604,오징어땅콩버터구이샐러드세트
123605,스페인세비체샐러드세트
123606,새우버터구이아보카도샐러드세트
123607,문어사과카르파쵸샐러드
123608,모짜렐라치즈샐러드세트
123609,멕시칸타코샐러드세트
123610,머쉬룸치킨샐러드세트
123611,리코타호박고구마샐러드세트
123612,구운연어쿠스쿠스샐러드세트
123613,구운주꾸미와감자샐러드세트
123614,머쉬룸리조토세트
123615,구운두부비트와닭살샐러드
123616,옥수수 스프 (1인분)
123617,삼채버섯볶음&두부스테이크세트
123618,소고기렌틸콩오크라볶음세트
123619,닭살버섯로제소스볶음세트
123620,아스파라거스돼지불고기세트
123621,칼라마리콜드샐러드
123622,아라비아따 파스타 (2인분)
123623,제주고사리두부조림세트
123624,마파가지덮밥세트
123625,코코넛쉬림프샐러드세트
123626,고사리소불고기숙쌈세트
123627,숙쌈＆쌈장 2종
123628,송화버섯낙지볶음세트
123629,미트토마토파스타세트
123630,마늘대추닭살구이세트
123631,보리순그린커리세트
123632,오리엔탈 포크 샐러드 
123633,파채돈육불고기세트
123634,인도식견과커리세트
123635,검은콩 흑임자죽 (1인분)
123636,매운해물덮밥소스세트
123637,마씨앗닭볶음탕세트
123638,매운돼지고기찜세트
123639,두부찹스테이크세트
123640,연자육 타락죽 (1인분)
123641,함박스테이크&데미그라스소스
123642,숙주부추소불고기세트
123643,시래기돼지고기찜세트
123644,황태귀리죽(1인분)
123645,흑미전복리소토
123646,구운템페콥샐러드
123647,토마토견과카레소스세트
123648,멕시칸치킨타코샐러드세트
123649,닭안심미나리페스토구이샐러드세트
123650,버터구이오징어샐러드세트
123651,흑미시트러스샐러드세트
123652,탄두리닭살샐러드세트
123653,[1Table]한우쇠고기미역국
123654,유근피닭다리백숙(1인분)
123655,[1Table]갈비낙지볶음밥
123656,아보카도&케일스무디
123657,스파이시참치케이퍼샐러드세트
123658,비프&바질포테이토샐러드
123659,리코타치즈샐러드(스몰/레귤러)
123660,[1Table]제주흑돼지갈비만두
123661,[1Table]와규함박스테이크
123662,[1Table]존쿡델리미트부대찌개
123663,구운버섯아보카도샐러드세트
123664,포테이토쉬림프샐러드세트
123665,불낙볶음세트
123666,오리도라지볶음세트
123667,볶음쟁반자장면
123668,토마토견과카레소스
123669,[1Table]모짜렐라김치서울만두
123670,[1Table]장조림버터볶음밥
123671,깻잎돼지주물럭세트
123672,오리고사리들깨볶음세트
123673,매콤주꾸미비빔세트
123674,미나리오징어돼지불고기세트
123675,공심채소고기볶음세트
123676,[엘리트]유기농석류주스700ml
123677,소고기브로콜리죽(1인분)
123678,옥수수스프(1인분)
123679,[vezzly]홍시단팥빵(6입)
123680,애호박아마란스새우볶음
123681,소고기다시마채장조림
123682,숙쌈＆쌈장2종
123683,순수어묵볶음
123684,비트생깻잎지
123685,멸치아몬드볶음
123686,들깨시래기나물
123687,낙지무채무침
123688,중국식궁채가지볶음
123689,매콤꾸지뽕닭살볶음세트
123690,렌틸콩견과샐러드
123691,화이트라구소스리가토니
123692,콜리플라워치즈그라탕
123693,비트&베리스무디
123694,보양추어탕(1인분)
123695,[화식한우]등심200g/팩
123696,멕시칸풍타코샐러드(스몰/레귤러)
123697,미트볼파스타세트
123698,율무&구운가지샐러드세트
123699,비트무화과타히니샐러드
123700,루꼴라바질냉파스타
123701,계피버섯마늘찜닭세트
123702,나물4종샘플러
123703,더부드러운돼지고기장조림
123704,검은콩흑임자죽(1인분)
123705,방풍나물&고구마스프(1인분)
123706,상하이두부면볶음
123707,[1Table]존쿡델리미트핫도그
123708,연어구이&버섯샐러드
123709,여름보양식단
123710,[1Table]우미학차돌깍두기볶음밥
123711,[1Table]한우잡채볶음밥
123712,소고기샤브샤브세트
123713,돼지고기애호박짜글이세트
123714,모둠버섯소불고기한상세트
123715,강황닭갈비(2인분)
123716,템페시트러스샐러드
123717,[1Table]냉이된장찌개
123718,[vezzly]쌀조청롤케이크
123719,연잎오겹수육(2인분)
123720,유근피녹두삼계죽(1인분)
123721,모짜렐라루꼴라샐러드
123722,커리치킨샐러드
123723,부드러운닭가슴살콥샐러드(스몰/레귤러)
123724,오징어참나물볶음세트
123725,낙지오징어미나리볶음세트
123726,오리향채소불고기세트
123727,건강한자장소스
123728,[1Table]양구시래기밥
123729,오리엔탈포크샐러드
123730,병아리콩불고기샐러드세트
123731,[팔도한우]횡성등심200g/팩
123732,[팔도한우]횡성채끝200g/팩
123733,낙지김치죽(1인분)
123734,구운채소&오징어샐러드
123735,해초전복죽(1인분)
123736,연자육타락죽(1인분)
123737,스파이시쉬림프샐러드(스몰/레귤러)
123738,모둠해초볶음
123739,모둠버섯치킨샐러드
123740,흑미시트러스샐러드
123741,구운가자미라타투이세트
123742,연자육소불고기세트
123743,흑마늘찜닭세트
123744,보양추어탕세트
123745,[1Table]한우나주곰탕
123746,과카몰리씨푸드샐러드
123747,율무단호박샐러드
123748,닭살아보카도콥샐러드세트
123749,마늘종포크샐러드
123750,소고기숙주부추볶음
123751,아라비아따파스타(2인분)
123752,[vezzly]비건식빵
123753,버섯불고기샐러드세트
123754,버섯마늘찜닭세트
123755,버섯소불고기쌈세트
123756,[1Table]봉우리떡갈비
123757,용안육백태콩조림
123758,해물두반두부세트
123759,[vezzly]올리브식빵
123760,뿌리채소가자미구이세트
123761,목이버섯대구찜세트
123762,새우아보카도샐러드세트
123763,모짜렐라루꼴라샐러드세트
123764,닭가슴살콥샐러드세트
123765,[vezzly]미미카스테라
123766,[vezzly]까사테라
123767,양배추&우엉스무디
123768,흑마늘황기찜닭(2~3인분)
123769,찹스테이크 세트 
123770,퀴노아 검은콩 치킨 샐러드 
123771,보양 추어탕 세트
123772,마늘종 포크 샐러드 
123773,소고기 샤브샤브 세트 
123774,렌틸콩 견과 샐러드 
123775,마파가지덮밥 세트 
123776,춘천식 닭구이 세트 
123777,오야코동 세트
123778,두부&포크 소보로 샐러드
123779,[화식한우] 국거리 200g/팩
123780,리구리아 토마토 파스타 (2인분)
123781,지중해식 두부&피쉬볼 샐러드 
123782,가자미 버섯레몬 크림소스 
123783,오리 맥적구이 세트
123784,멕시칸 타코 샐러드
123785,흑미 시트러스 견과 샐러드 세트 
123786,스윗옥수수 구운채소 샐러드 
123787,마늘 돼지고기구이 세트
123788,멕시칸풍 타코 샐러드  
123789,초고버섯 매운사태찜 세트 
123790,모짜렐라 토마토스파게티(2인분)
123791,커리 슈퍼곡물 샐러드
123792,소고기 샤브 샐러드
123793,[8월] 3days 샐러드 패키지
123794,템페 시트러스 샐러드 
123795,토마토 영양 식단
123796,해초 식단
123797,[라콩비에뜨] 가염버터 15g*10개입
123798,오리엔탈 포크 샐러드
123799,타이풍 슈퍼곡물 망고 샐러드 
123800,[8월] 커플 패키지
123801,[라콩비에뜨] 무염버터 15g*10개입
123802,홍시 버섯 소불고기 세트 
123803,우엉잡채
123804,참치 감자 샐러드 
123805,오크라뿌리채소 두부샐러드
123806,렌틸콩견과 버터새우샐러드
123807,리코타치즈&구운채소 샐러드 
123808,비프&블랙 라이스 샐러드
123809,닭살 아보카도 콥샐러드 세트 
123810,[하이비] 유기농 비폴렌 311g
123811,초고버섯 매운사태찜
123812,파스타 리코타 샐러드
123813,소고기 해장국 (2인분)
123814,소고기 렌틸콩 오크라볶음 세트 
123815,까마르그 천일염 125g
123816,오리향신채볶음&흑마늘데리야끼소스
123817,흑마늘 데리야끼 소불고기 세트 
123818,그리스풍 올리브 닭살 샐러드 
123819,스페인풍 세비체 샐러드 
123820,홍시 버섯불고기 (중/대)
123821,미트볼 파스타 세트 
123822,대파 듬뿍 두부조림 세트
123823,낙지 카르파쵸 샐러드 
123824,[8월] 집콕 브런치 패키지
